数据文件,经度,纬度,半径网格数,总点量,视点高度,通视率,求交点次数,参考线最大节点数,参考线总节点数,PDERL算法耗时(秒),XPDERL算法耗时(秒),参考面算法耗时(秒),XDraw算法耗时(秒)
ASTGTM2_N41E119_dem,119.613142953695,41.8014253770706,359,515524,5000,0.994041014579341,3507,782,1034892,0.1771045,0.0663914,0.0542868,0.0607485
ASTGTM2_N41E119_dem,119.548455330551,41.6063170456376,359,515524,5000,0.995546279125705,3550,771,1034450,0.1211433,0.0497484,0.0566356,0.0546633
ASTGTM2_N34E114_dem,114.635200129269,34.6504364562915,359,515524,5000,0.999930168139602,94,725,1029700,0.0769872,0.0517051,0.0505227,0.0573759
ASTGTM2_N34E114_dem,114.827097496677,34.685203427783,359,515524,5000,0.999897191983302,136,728,1029746,0.1028233,0.0509943,0.0434333,0.0542402
ASTGTM2_N28E097_dem,97.2747638131912,28.2525339279019,359,515524,5000,0.836221010079065,45956,1079,1168912,0.126835,0.0528338,0.0483716,0.0560112
ASTGTM2_N28E097_dem,97.1618481792738,28.6047403686574,359,515524,5000,0.667202690854354,45059,1139,1262036,0.1029337,0.0569204,0.0694323,0.0602552
